<?xml version="1.0" encoding="UTF-8" standalone="yes"?>
<addon id="repository.zdgi" name="ZDGi Repository" version="0.1" provider-name="ZDGi">
    <extension point="xbmc.addon.repository" name="ZDGi Repository">
        <dir>
            <info compressed="false">https://raw.githubusercontent.com/ZDGi/zdgi.repository/master/repo/zips/addons.xml</info>
            <checksum>https://raw.githubusercontent.com/ZDGi/zdgi.repository/master/repo/zips/addons.xml.md5</checksum>
            <datadir zip="true">https://raw.githubusercontent.com/ZDGi/zdgi.repository/master/repo/zips/</datadir>
        </dir>
        <dir minversion="19.9.1" maxversion="20.9.0">
            <info compressed="false">https://raw.githubusercontent.com/ZDGi/zdgi.repository/master/nexus/zips/addons.xml</info>
            <checksum>https://raw.githubusercontent.com/ZDGi/zdgi.repository/master/nexus/zips/addons.xml.md5</checksum>
            <datadir zip="true">https://raw.githubusercontent.com/ZDGi/zdgi.repository/master/nexus/zips/</datadir>
        </dir>
        <dir minversion="20.9.1">
            <info compressed="false">https://raw.githubusercontent.com/ZDGi/zdgi.repository/master/omega/zips/addons.xml</info>
            <checksum>https://raw.githubusercontent.com/ZDGi/zdgi.repository/master/omega/zips/addons.xml.md5</checksum>
            <datadir zip="true">https://raw.githubusercontent.com/ZDGi/zdgi.repository/master/omega/zips/</datadir>
        </dir>
    </extension>
    <extension point="xbmc.addon.metadata">
        <summary>ZDGi Repository</summary>
        <description>A repository for releases of ZDGi.</description>
        <disclaimer></disclaimer>
        <platform>all</platform>
        <assets>
            <icon>icon.png</icon>
        </assets>
    </extension>
</addon>